Workbook

Sheet README
A1: BizPulse sheet — how to use
A3: 1. When you BUY goods, add one row in the Purchases tab.
A4: 2. When you SELL goods, add one row in the Sales tab.
A5: 3. Yellow cells are for typing. Grey cells fill themselves — do not type in them.
A6: 4. Pick the item from the dropdown so the name is always spelled the same way.
A7: 5. New product? Add it as a new row in the Stock tab first (Item, Unit, Opening Stock, Reorder Level).
A9: Stock tab: "Current Stock" = Opening Stock + everything bought − everything sold. It updates by itself.
A10: Red = finished. Orange = at or below your Reorder Level.
A12: Please do not rename the tabs or the column titles in row 1 — BizPulse reads them.
A13: You can add extra columns (e.g. Notes) anywhere; BizPulse ignores them.
A15: Connect to BizPulse: share this sheet with the BizPulse email as Viewer, then send the link to Kemi on WhatsApp.

Sheet Stock
A1: Item | B1: Unit | C1: Opening Stock | D1: Current Stock | E1: Reorder Level | F1: Unit Cost
D2: =IF(A2="","",C2+SUMIF(Purchases!$B:$B,A2,Purchases!$C:$C)-SUMIF(Sales!$B:$B,A2,Sales!$C:$C))
D3: =IF(A3="","",C3+SUMIF(Purchases!$B:$B,A3,Purchases!$C:$C)-SUMIF(Sales!$B:$B,A3,Sales!$C:$C))
D4: =IF(A4="","",C4+SUMIF(Purchases!$B:$B,A4,Purchases!$C:$C)-SUMIF(Sales!$B:$B,A4,Sales!$C:$C))
D5: =IF(A5="","",C5+SUMIF(Purchases!$B:$B,A5,Purchases!$C:$C)-SUMIF(Sales!$B:$B,A5,Sales!$C:$C))
D6: =IF(A6="","",C6+SUMIF(Purchases!$B:$B,A6,Purchases!$C:$C)-SUMIF(Sales!$B:$B,A6,Sales!$C:$C))
D7: =IF(A7="","",C7+SUMIF(Purchases!$B:$B,A7,Purchases!$C:$C)-SUMIF(Sales!$B:$B,A7,Sales!$C:$C))
D8: =IF(A8="","",C8+SUMIF(Purchases!$B:$B,A8,Purchases!$C:$C)-SUMIF(Sales!$B:$B,A8,Sales!$C:$C))
D9: =IF(A9="","",C9+SUMIF(Purchases!$B:$B,A9,Purchases!$C:$C)-SUMIF(Sales!$B:$B,A9,Sales!$C:$C))
D10: =IF(A10="","",C10+SUMIF(Purchases!$B:$B,A10,Purchases!$C:$C)-SUMIF(Sales!$B:$B,A10,Sales!$C:$C))
D11: =IF(A11="","",C11+SUMIF(Purchases!$B:$B,A11,Purchases!$C:$C)-SUMIF(Sales!$B:$B,A11,Sales!$C:$C))
D12: =IF(A12="","",C12+SUMIF(Purchases!$B:$B,A12,Purchases!$C:$C)-SUMIF(Sales!$B:$B,A12,Sales!$C:$C))
D13: =IF(A13="","",C13+SUMIF(Purchases!$B:$B,A13,Purchases!$C:$C)-SUMIF(Sales!$B:$B,A13,Sales!$C:$C))
... D501: =IF(A501="","",C501+SUMIF(Purchases!$B:$B,A501,Purchases!$C:$C)-SUMIF(Sales!$B:$B,A501,Sales!$C:$C))

Sheet Purchases
A1: Date | B1: Item | C1: Qty | D1: Unit Cost | E1: Total | F1: Supplier
E2: =IF(C2="","",C2*D2)
E3: =IF(C3="","",C3*D3)
E4: =IF(C4="","",C4*D4)
E5: =IF(C5="","",C5*D5)
E6: =IF(C6="","",C6*D6)
E7: =IF(C7="","",C7*D7)
E8: =IF(C8="","",C8*D8)
E9: =IF(C9="","",C9*D9)
E10: =IF(C10="","",C10*D10)
E11: =IF(C11="","",C11*D11)
E12: =IF(C12="","",C12*D12)
E13: =IF(C13="","",C13*D13)
... E501: =IF(C501="","",C501*D501)

Sheet Sales
A1: Date | B1: Item | C1: Qty | D1: Unit Price | E1: Total | F1: Customer
E2: =IF(C2="","",C2*D2)
E3: =IF(C3="","",C3*D3)
E4: =IF(C4="","",C4*D4)
E5: =IF(C5="","",C5*D5)
E6: =IF(C6="","",C6*D6)
E7: =IF(C7="","",C7*D7)
E8: =IF(C8="","",C8*D8)
E9: =IF(C9="","",C9*D9)
E10: =IF(C10="","",C10*D10)
E11: =IF(C11="","",C11*D11)
E12: =IF(C12="","",C12*D12)
E13: =IF(C13="","",C13*D13)
... E501: =IF(C501="","",C501*D501)
